{"cameraMode":{"drawMode":0,"name":"Shaded","section":"Shading Mode"},"sceneLighting":false,"audioPlay":false,"sceneViewState":{"showFog":true,"showMaterialUpdate":false,"showSkybox":false,"showFlares":true,"showImageEffects":true,"showParticleSystems":true},"in2DMode":false,"pivot":{"x":1.690000295639038,"y":1.0753613710403443,"z":8.353788375854493},"rotation":{"x":-0.40232840180397036,"y":-0.24366742372512818,"z":0.11200239509344101,"w":-0.8753876090049744},"size":4.51423454284668,"orthographic":false}