{"cameraMode":{"drawMode":0,"name":"Shaded","section":"Shading Mode"},"sceneLighting":false,"audioPlay":false,"sceneViewState":{"showFog":true,"showMaterialUpdate":false,"showSkybox":false,"showFlares":true,"showImageEffects":true,"showParticleSystems":true},"in2DMode":false,"pivot":{"x":8.402353286743164,"y":-1.3523774147033692,"z":-0.3226053714752197},"rotation":{"x":0.05025303363800049,"y":0.7351766228675842,"z":-0.05478934198617935,"w":0.6738482117652893},"size":15.556612014770508,"orthographic":false}