{"cameraMode":{"drawMode":0,"name":"Shaded","section":"Shading Mode"},"sceneLighting":true,"audioPlay":false,"sceneViewState":{"showFog":true,"showMaterialUpdate":false,"showSkybox":true,"showFlares":true,"showImageEffects":true,"showParticleSystems":true},"in2DMode":false,"pivot":{"x":-2.8239998817443849,"y":0.7617886066436768,"z":-2.56000018119812},"rotation":{"x":0.2855658233165741,"y":0.6437305212020874,"z":-0.28216102719306948,"w":0.6514971852302551},"size":5.476527214050293,"orthographic":false}