{"cameraMode":{"drawMode":0,"name":"Shaded","section":"Shading Mode"},"sceneLighting":true,"audioPlay":false,"sceneViewState":{"showFog":true,"showMaterialUpdate":false,"showSkybox":true,"showFlares":true,"showImageEffects":true,"showParticleSystems":true},"in2DMode":false,"pivot":{"x":-8.786067962646485,"y":-4.261751174926758,"z":6.383545875549316},"rotation":{"x":0.44783809781074526,"y":0.17706164717674256,"z":-0.09096922725439072,"w":0.8716779351234436},"size":23.59865951538086,"orthographic":false}