{"cameraMode":{"drawMode":0,"name":"Shaded","section":"Shading Mode"},"sceneLighting":false,"audioPlay":false,"sceneViewState":{"showFog":true,"showMaterialUpdate":false,"showSkybox":false,"showFlares":true,"showImageEffects":true,"showParticleSystems":true},"in2DMode":false,"pivot":{"x":1.8613479137420655,"y":0.8947384357452393,"z":-0.11556458473205567},"rotation":{"x":0.17894871532917024,"y":-0.4727443754673004,"z":0.09869317710399628,"w":0.8571769595146179},"size":4.184892654418945,"orthographic":false}