{"cameraMode":{"drawMode":0,"name":"Shaded","section":"Shading Mode"},"sceneLighting":false,"audioPlay":false,"sceneViewState":{"showFog":true,"showMaterialUpdate":false,"showSkybox":false,"showFlares":true,"showImageEffects":true,"showParticleSystems":true},"in2DMode":false,"pivot":{"x":-7.090150356292725,"y":2.3837718963623049,"z":17.49936866760254},"rotation":{"x":0.11354510486125946,"y":0.20938466489315034,"z":-0.02447555959224701,"w":0.970953106880188},"size":13.770421028137207,"orthographic":false}