{"cameraMode":{"drawMode":0,"name":"Shaded","section":"Shading Mode"},"sceneLighting":false,"audioPlay":false,"sceneViewState":{"showFog":true,"showMaterialUpdate":false,"showSkybox":false,"showFlares":true,"showImageEffects":true,"showParticleSystems":true},"in2DMode":false,"pivot":{"x":-2.8096718788146974,"y":1.0985236167907715,"z":-2.895106792449951},"rotation":{"x":-0.11850105971097946,"y":-0.8679558634757996,"z":0.41320013999938967,"w":-0.24893790483474732},"size":3.5619537830352785,"orthographic":false}