{"cameraMode":{"drawMode":0,"name":"Shaded","section":"Shading Mode"},"sceneLighting":false,"audioPlay":false,"sceneViewState":{"showFog":true,"showMaterialUpdate":false,"showSkybox":false,"showFlares":true,"showImageEffects":true,"showParticleSystems":true},"in2DMode":false,"pivot":{"x":-9.84999942779541,"y":0.5836557149887085,"z":-0.03560519218444824},"rotation":{"x":0.15996190905570985,"y":-0.7951038479804993,"z":0.2378614991903305,"w":0.5345374941825867},"size":3.3852200508117677,"orthographic":false}