{"cameraMode":{"drawMode":0,"name":"Shaded","section":"Shading Mode"},"sceneLighting":false,"audioPlay":false,"sceneViewState":{"showFog":true,"showMaterialUpdate":false,"showSkybox":false,"showFlares":true,"showImageEffects":true,"showParticleSystems":true},"in2DMode":false,"pivot":{"x":0.5147867202758789,"y":1.6867396831512452,"z":1.0494890213012696},"rotation":{"x":0.09074021130800247,"y":-0.7677563428878784,"z":0.11156913638114929,"w":0.6244043111801148},"size":2.8761792182922365,"orthographic":false}