{"cameraMode":{"drawMode":0,"name":"Shaded","section":"Shading Mode"},"sceneLighting":false,"audioPlay":false,"sceneViewState":{"showFog":true,"showMaterialUpdate":false,"showSkybox":false,"showFlares":true,"showImageEffects":true,"showParticleSystems":true},"in2DMode":false,"pivot":{"x":-8.24276351928711,"y":0.7882973551750183,"z":-1.179999828338623},"rotation":{"x":0.22365862131118775,"y":0.37901318073272707,"z":-0.09491387009620667,"w":0.8929721117019653},"size":4.111316204071045,"orthographic":false}